{
  "100-1000_ipo": {
    "alpha": 1.0068940012839365,
    "beta": 1.0059666122694417
  },
  "50-500_funding": {
    "alpha": 1.0433306806443103,
    "beta": 1.0448830046999473
  },
  "50-5000_sustainability": {
    "alpha": 1.0067323368064354,
    "beta": 1.0061282767469435
  },
  "50-500_ipo": {
    "alpha": 1.0134672533734053,
    "beta": 1.0165408449178113
  },
  "50-500_sustainability": {
    "alpha": 1.004060944749689,
    "beta": 1.0045127976192294
  },
  "50-500_market_movement": {
    "alpha": 1.0246388283919914,
    "beta": 1.0335768822929672
  },
  "50-500_regulation": {
    "alpha": 1.071006065164067,
    "beta": 1.0773281301874984
  },
  "50-5000_regulation": {
    "alpha": 1.01732237627429,
    "beta": 1.0197971616327854
  },
  "50-200_sustainability": {
    "alpha": 1.0014756907461762,
    "beta": 1.0028111804382833
  },
  "100-1000 employees_geopolitical": {
    "alpha": 1.0084521541843636,
    "beta": 1.0086953305534736
  },
  "50-500_technology": {
    "alpha": 2.3047270885340385,
    "beta": 2.504789684133187
  },
  "100-1000_market_movement": {
    "alpha": 1.0076701161905308,
    "beta": 1.009477368547307
  },
  "100-2000_technology": {
    "alpha": 1.0029619386760857,
    "beta": 1.0056118036928332
  },
  "50-200_market_movement": {
    "alpha": 1.0028520177453017,
    "beta": 1.0057217246236165
  },
  "50-500 employees_geopolitical": {
    "alpha": 1.0013926449467856,
    "beta": 1.0028942262376739
  },
  "200-1500_market_movement": {
    "alpha": 1.0023774740583637,
    "beta": 1.0019093971260955
  },
  "50-300_market_movement": {
    "alpha": 1.0058485600158056,
    "beta": 1.0070120535375728
  },
  "50-1000_technology": {
    "alpha": 1.089165640067677,
    "beta": 1.1191665957373205
  },
  "1000-5000_market_movement": {
    "alpha": 1.0046108933323634,
    "beta": 1.0039628490365555
  },
  "50-500_geopolitical": {
    "alpha": 1.0280179776439007,
    "beta": 1.0313957292016533
  },
  "50-200_funding": {
    "alpha": 1.023082794567435,
    "beta": 1.0303980010815648
  },
  "500-2000_ipo": {
    "alpha": 1.0064773584418354,
    "beta": 1.006383255111543
  },
  "100-2000_market_movement": {
    "alpha": 1.0059054647471133,
    "beta": 1.0069551488062651
  },
  "200-500_funding": {
    "alpha": 1.0014142500383432,
    "beta": 1.0028726211461163
  },
  "50-200_ipo": {
    "alpha": 1.0013274162793016,
    "beta": 1.0029594549051575
  },
  "100-1000_technology": {
    "alpha": 1.1435810827666613,
    "beta": 1.167241290239059
  },
  "50-500_general": {
    "alpha": 1.0470166397970717,
    "beta": 1.0662175235276234
  },
  "50-300_technology": {
    "alpha": 1.1397915268450172,
    "beta": 1.1749933812991815
  },
  "100-1000_geopolitical": {
    "alpha": 1.0039853385780697,
    "beta": 1.0045884037908497
  },
  "50-200_general": {
    "alpha": 1.0170250154041443,
    "beta": 1.02678067733941
  },
  "50-300_geopolitical": {
    "alpha": 1.0033263066956357,
    "beta": 1.005247435673283
  },
  "test123": {
    "alpha": 1.0042868711844595,
    "beta": 1.0
  },
  "mid_ai_adoption": {
    "alpha": 1.0042868711844595,
    "beta": 1.0
  },
  "test_known_fix": {
    "alpha": 1.0021434355922296,
    "beta": 1.0021434355922296
  },
  "large_ai_adoption": {
    "alpha": 1.0042868711844595,
    "beta": 1.0
  },
  "mid_cost": {
    "alpha": 1.0042868711844595,
    "beta": 1.0
  },
  "known_integ": {
    "alpha": 1.0021434355922296,
    "beta": 1.0021434355922296
  },
  "50-1000_geopolitical": {
    "alpha": 1.0070706384361334,
    "beta": 1.006187726051885
  },
  "50-5000_funding": {
    "alpha": 1.0150188308781212,
    "beta": 1.0159173529272563
  },
  "100-1000_consumer_shift": {
    "alpha": 1.0072553400510382,
    "beta": 1.0065582158078255
  },
  "50-500_consumer_shift": {
    "alpha": 1.023735637477862,
    "beta": 1.026266344071986
  },
  "500-5000_technology": {
    "alpha": 1.0476985962237872,
    "beta": 1.0414979785685479
  },
  "50-5000_geopolitical": {
    "alpha": 1.0073424430630518,
    "beta": 1.0063259739349057
  },
  "50-200_technology": {
    "alpha": 1.2280338962993373,
    "beta": 1.2779449203949114
  },
  "100-500_technology": {
    "alpha": 1.279432100117031,
    "beta": 1.2974747520684276
  },
  "50-300_funding": {
    "alpha": 1.0064075225886262,
    "beta": 1.0076836289556608
  },
  "500-2000 employees_funding": {
    "alpha": 1.0074489918398535,
    "beta": 1.0070779685150801
  },
  "50-500 employees_funding": {
    "alpha": 1.0120952995368302,
    "beta": 1.016958621173038
  },
  "50-200 employees_funding": {
    "alpha": 1.002973908666391,
    "beta": 1.006710731570232
  },
  "50-500_intelligence": {
    "alpha": 1.0761307343557287,
    "beta": 1.0868340730623427
  },
  "50-200_intelligence": {
    "alpha": 1.0350533978487177,
    "beta": 1.0461082454222868
  },
  "200-500_intelligence": {
    "alpha": 1.0024504139562964,
    "beta": 1.002541668639901
  },
  "sme_intelligence": {
    "alpha": 1.0071473045188333,
    "beta": 1.0128210258659558
  },
  "mid_intelligence": {
    "alpha": 1.0037806072583577,
    "beta": 1.006203557934037
  },
  "20-200_intelligence": {
    "alpha": 1.0035009299091384,
    "beta": 1.0064832352832562
  },
  "100-300_intelligence": {
    "alpha": 1.0276472824283422,
    "beta": 1.0289639635079155
  },
  "500-2000_intelligence": {
    "alpha": 1.0127554052629084,
    "beta": 1.0132953180310955
  },
  "50-500 employees_intelligence": {
    "alpha": 1.008565749409432,
    "beta": 1.012020158203753
  },
  "50-300_intelligence": {
    "alpha": 1.022526956720333,
    "beta": 1.030211167422723
  },
  "100-500_intelligence": {
    "alpha": 1.019648840052445,
    "beta": 1.022477991506494
  },
  "50-150_intelligence": {
    "alpha": 1.0080628401431648,
    "beta": 1.0125230674700196
  },
  "20-200 employees_intelligence": {
    "alpha": 1.0016036945713205,
    "beta": 1.0035427823319758
  },
  "50-100_intelligence": {
    "alpha": 1.0029157267426267,
    "beta": 1.0023899195494312
  },
  "500-1000_intelligence": {
    "alpha": 1.0028870273804926,
    "beta": 1.0024186189115651
  },
  "100-1000_intelligence": {
    "alpha": 1.0080928675043261,
    "beta": 1.0078240713718476
  },
  "50-5000_intelligence": {
    "alpha": 1.0052937092449505,
    "beta": 1.0053175833391648
  },
  "200-2000_intelligence": {
    "alpha": 1.0071328481798525,
    "beta": 1.0087840906963212
  },
  "200-500_general": {
    "alpha": 1.002980543751852,
    "beta": 1.0024891946935683
  },
  "100-500_general": {
    "alpha": 1.0138737944384866,
    "beta": 1.0189446362340364
  },
  "50-300_general": {
    "alpha": 1.0137194224690145,
    "beta": 1.0206082615154726
  },
  "100-400_general": {
    "alpha": 1.0080226572516373,
    "beta": 1.013856296530045
  },
  "50-5000_general": {
    "alpha": 1.0072810908970196,
    "beta": 1.0170113825867748
  },
  "50-200 (Promptfoo)_technology": {
    "alpha": 1.0033418525954312,
    "beta": 1.0022970530184045
  },
  "50-500 employees_price_change": {
    "alpha": 1.0344762490196366,
    "beta": 1.0484488374752987
  },
  "50-500_supply_chain": {
    "alpha": 1.0614074607628141,
    "beta": 1.0711647049511834
  },
  "50-5000_technology": {
    "alpha": 1.1752569185123762,
    "beta": 1.1962664739682658
  },
  "500-1000_price_change": {
    "alpha": 1.0066292121447882,
    "beta": 1.0059886852264317
  },
  "50-500_price_change": {
    "alpha": 1.1203970716274703,
    "beta": 1.151967659466144
  },
  "100-1000_supply_chain": {
    "alpha": 1.0144223248373532,
    "beta": 1.0208545778395912
  },
  "100-500_supply_chain": {
    "alpha": 1.0108160049210098,
    "beta": 1.0119140166770282
  },
  "200-1000 employees_price_change": {
    "alpha": 1.002469212972884,
    "beta": 1.003169692640951
  },
  "500-2000_m_and_a": {
    "alpha": 1.0124669762890746,
    "beta": 1.013994348406015
  },
  "50-500_m_and_a": {
    "alpha": 1.1373399690227146,
    "beta": 1.15599867164309
  },
  "50-200 employees_technology": {
    "alpha": 1.0060570718452233,
    "beta": 1.0055695376678395
  },