{
  "100-1000_ipo": {
    "alpha": 1.0138906149199713,
    "beta": 1.012022033358873
  },
  "50-500_funding": {
    "alpha": 1.087306307942362,
    "beta": 1.0904340613035484
  },
  "50-5000_sustainability": {
    "alpha": 1.0135648797031187,
    "beta": 1.012347768575726
  },
  "50-500_ipo": {
    "alpha": 1.0271349573252249,
    "beta": 1.0333278886587458
  },
  "50-500_sustainability": {
    "alpha": 1.0081823338009315,
    "beta": 1.0090927650516317
  },
  "50-500_market_movement": {
    "alpha": 1.049644388385869,
    "beta": 1.067653532823033
  },
  "50-500_regulation": {
    "alpha": 1.1430690055823858,
    "beta": 1.1558072351130546
  },
  "50-5000_regulation": {
    "alpha": 1.0349025839153347,
    "beta": 1.0398889900688326
  },
  "50-200_sustainability": {
    "alpha": 1.0029733461094448,
    "beta": 1.005664203316837
  },
  "100-1000 employees_geopolitical": {
    "alpha": 1.0170301127289887,
    "beta": 1.017520084976137
  },
  "50-500_technology": {
    "alpha": 3.6288741205649795,
    "beta": 4.031977102549199
  },
  "100-1000_market_movement": {
    "alpha": 1.0154543966567506,
    "beta": 1.019095801048375
  },
  "100-2000_technology": {
    "alpha": 1.0059679637225982,
    "beta": 1.0113071351299647
  },
  "50-200_market_movement": {
    "alpha": 1.0057464857654181,
    "beta": 1.0115286130871444
  },
  "50-500 employees_geopolitical": {
    "alpha": 1.0028060184324474,
    "beta": 1.005831530993834
  },
  "200-1500_market_movement": {
    "alpha": 1.00479033514309,
    "beta": 1.003847214283191
  },
  "50-300_market_movement": {
    "alpha": 1.0117841717269758,
    "beta": 1.0141284765518683
  },
  "50-1000_technology": {
    "alpha": 1.179658447868129,
    "beta": 1.240106902296064
  },
  "1000-5000_market_movement": {
    "alpha": 1.0092904165634784,
    "beta": 1.0079846822890846
  },
  "50-500_geopolitical": {
    "alpha": 1.0564529831455995,
    "beta": 1.0632587617133236
  },
  "50-200_funding": {
    "alpha": 1.046509160269546,
    "beta": 1.0612484549930055
  },
  "500-2000_ipo": {
    "alpha": 1.0130511278006011,
    "beta": 1.0128615204782436
  },
  "100-2000_market_movement": {
    "alpha": 1.0118988281764256,
    "beta": 1.014013820102419
  },
  "200-500_funding": {
    "alpha": 1.002849550192129,
    "beta": 1.0057879992341523
  },
  "50-200_ipo": {
    "alpha": 1.00267459021472,
    "beta": 1.005962959211561
  },
  "100-1000_technology": {
    "alpha": 1.2892992687935034,
    "beta": 1.3369718492572624
  },
  "50-500_general": {
    "alpha": 1.0947330891530143,
    "beta": 1.1334206482408984
  },
  "50-300_technology": {
    "alpha": 1.2816637520801677,
    "beta": 1.3525914157913776
  },
  "100-1000_geopolitical": {
    "alpha": 1.0080299961130934,
    "beta": 1.00924510273947
  },
  "50-200_general": {
    "alpha": 1.0343034361679897,
    "beta": 1.053959966193297
  },
  "50-300_geopolitical": {
    "alpha": 1.0067021231229623,
    "beta": 1.0105729757296007
  },
  "test123": {
    "alpha": 1.0086375494262811,
    "beta": 1.0
  },
  "mid_ai_adoption": {
    "alpha": 1.0086375494262811,
    "beta": 1.0
  },
  "test_known_fix": {
    "alpha": 1.0043187747131408,
    "beta": 1.0043187747131408
  },
  "large_ai_adoption": {
    "alpha": 1.0086375494262811,
    "beta": 1.0
  },
  "mid_cost": {
    "alpha": 1.0086375494262811,
    "beta": 1.0
  },
  "known_integ": {
    "alpha": 1.0043187747131408,
    "beta": 1.0043187747131408
  },
  "50-1000_geopolitical": {
    "alpha": 1.0142465183439313,
    "beta": 1.0124675520466297
  },
  "50-5000_funding": {
    "alpha": 1.030261206472686,
    "beta": 1.0320716244386245
  },
  "100-1000_consumer_shift": {
    "alpha": 1.0146186707271514,
    "beta": 1.0132140460375079
  },
  "50-500_consumer_shift": {
    "alpha": 1.0478245631971757,
    "beta": 1.0529236441701253
  },
  "500-5000_technology": {
    "alpha": 1.0961071524473995,
    "beta": 1.083613625311627
  },
  "50-5000_geopolitical": {
    "alpha": 1.0147941732181456,
    "beta": 1.0127461055350104
  },
  "50-200_technology": {
    "alpha": 1.4594619164889724,
    "beta": 1.5600268551101015
  },
  "100-500_technology": {
    "alpha": 1.5630233501767445,
    "beta": 1.5993772062422935
  },
  "50-300_funding": {
    "alpha": 1.0129104166367082,
    "beta": 1.015481623314999
  },
  "500-2000 employees_funding": {
    "alpha": 1.0150088566752242,
    "beta": 1.0142612876048858
  },
  "50-500 employees_funding": {
    "alpha": 1.024370629085797,
    "beta": 1.0341696594744234
  },
  "50-200 employees_funding": {
    "alpha": 1.0059920818680812,
    "beta": 1.0135213476519924
  },
  "50-500_intelligence": {
    "alpha": 1.1533946210561574,
    "beta": 1.174960610125238
  },
  "50-200_intelligence": {
    "alpha": 1.070628540828337,
    "beta": 1.0929027795931643
  },
  "200-500_intelligence": {
    "alpha": 1.0049373005979487,
    "beta": 1.0051211682268322
  },
  "sme_intelligence": {
    "alpha": 1.014400991629958,
    "beta": 1.0258328836691633
  },
  "mid_intelligence": {
    "alpha": 1.007617486192215,
    "beta": 1.012499451457345
  },
  "20-200_intelligence": {
    "alpha": 1.0070539686934734,
    "beta": 1.013062968956087
  },
  "100-300_intelligence": {
    "alpha": 1.0557060751773641,
    "beta": 1.0583590352067418
  },
  "500-2000_intelligence": {
    "alpha": 1.0257006657466232,
    "beta": 1.026788527504169
  },
  "50-500 employees_intelligence": {
    "alpha": 1.0172589939640182,
    "beta": 1.0242192279938382
  },
  "50-300_intelligence": {
    "alpha": 1.0453892113205916,
    "beta": 1.0608720067879385
  },
  "100-500_intelligence": {
    "alpha": 1.039590139245926,
    "beta": 1.0452905520802027
  },
  "50-150_intelligence": {
    "alpha": 1.0162456899813685,
    "beta": 1.0252325319764872
  },
  "20-200 employees_intelligence": {
    "alpha": 1.0032312590064882,
    "beta": 1.007138296482976
  },
  "50-100_intelligence": {
    "alpha": 1.0058748520236078,
    "beta": 1.004815411367592
  },
  "500-1000_intelligence": {
    "alpha": 1.0058170261295538,
    "beta": 1.004873237261646
  },
  "100-1000_intelligence": {
    "alpha": 1.0163061916398073,
    "beta": 1.0157645985337929
  },
  "50-5000_intelligence": {
    "alpha": 1.0106662116224496,
    "beta": 1.0107143151599507
  },
  "200-2000_intelligence": {
    "alpha": 1.0143718637795756,
    "beta": 1.0176989263940246
  },
  "200-500_general": {
    "alpha": 1.0060054507975764,
    "beta": 1.0050154392964448
  },
  "100-500_general": {
    "alpha": 1.0279540905327222,
    "beta": 1.0381712500314024
  },
  "50-300_general": {
    "alpha": 1.0276430488757724,
    "beta": 1.0415232624845188
  },
  "100-400_general": {
    "alpha": 1.0161647261042839,
    "beta": 1.0279188342717993
  },
  "50-5000_general": {
    "alpha": 1.0146705557023135,
    "beta": 1.0342759676183693
  },
  "50-200 (Promptfoo)_technology": {
    "alpha": 1.006733446312319,
    "beta": 1.0046282960526507
  },
  "50-500 employees_price_change": {
    "alpha": 1.0694656527164699,
    "beta": 1.097618801762886
  },
  "50-500_supply_chain": {
    "alpha": 1.123728928315846,
    "beta": 1.1433886463980842
  },
  "50-5000_technology": {
    "alpha": 1.3531224127835157,
    "beta": 1.3954542361264484
  },
  "500-1000_price_change": {
    "alpha": 1.0133570954418902,
    "beta": 1.012066507813267
  },
  "50-500_price_change": {
    "alpha": 1.242586168843085,
    "beta": 1.3061972504780681
  },
  "100-1000_supply_chain": {
    "alpha": 1.0290593158189876,
    "beta": 1.0420195613777041
  },
  "100-500_supply_chain": {
    "alpha": 1.0217929984550973,
    "beta": 1.024005365098544
  },
  "200-1000 employees_price_change": {
    "alpha": 1.0049751784412422,
    "beta": 1.006386563923727
  },
  "500-2000_m_and_a": {
    "alpha": 1.0251195147368861,
    "beta": 1.0281969928286525
  },
  "50-500_m_and_a": {
    "alpha": 1.2767241467245667,
    "beta": 1.3143192736082556
  },
  "50-200 employees_technology": {
    "alpha": 1.0122042989374895,
    "beta": 1.0112219739799733
  },