{
  "100-1000_ipo": {
    "alpha": 1.0182715698889686,
    "beta": 1.0158136572059409
  },
  "50-500_funding": {
    "alpha": 1.1148418062488452,
    "beta": 1.1189560203756945
  },
  "50-5000_sustainability": {
    "alpha": 1.0178431011844287,
    "beta": 1.016242125910481
  },
  "50-500_ipo": {
    "alpha": 1.035693039657242,
    "beta": 1.0438391568975474
  },
  "50-500_sustainability": {
    "alpha": 1.0107629564824836,
    "beta": 1.0119605282474564
  },
  "50-500_market_movement": {
    "alpha": 1.065301710342811,
    "beta": 1.0889907509734793
  },
  "50-500_regulation": {
    "alpha": 1.1881914767275954,
    "beta": 1.2049472109029555
  },
  "50-5000_regulation": {
    "alpha": 1.0459104946029227,
    "beta": 1.052469561213964
  },
  "50-200_sustainability": {
    "alpha": 1.0039111084394616,
    "beta": 1.0074506339255085
  },
  "100-1000 employees_geopolitical": {
    "alpha": 1.0224012325399174,
    "beta": 1.0230457369199617
  },
  "50-500_technology": {
    "alpha": 4.457993580553635,
    "beta": 4.98823103585784
  },
  "100-1000_market_movement": {
    "alpha": 1.020328552064291,
    "beta": 1.025118417395588
  },
  "100-2000_technology": {
    "alpha": 1.0078501971928904,
    "beta": 1.0148732875370492
  },
  "50-200_market_movement": {
    "alpha": 1.0075588673995879,
    "beta": 1.0151646173303512
  },
  "50-500 employees_geopolitical": {
    "alpha": 1.0036910073595438,
    "beta": 1.0076707350054261
  },
  "200-1500_market_movement": {
    "alpha": 1.00630115685035,
    "beta": 1.005060585514619
  },
  "50-300_market_movement": {
    "alpha": 1.0155007764979127,
    "beta": 1.018584450596997
  },
  "50-1000_technology": {
    "alpha": 1.2363208472251621,
    "beta": 1.3158341132773481
  },
  "1000-5000_market_movement": {
    "alpha": 1.0122205169832454,
    "beta": 1.0105029677466948
  },
  "50-500_geopolitical": {
    "alpha": 1.0742576648282545,
    "beta": 1.083209914924124
  },
  "50-200_funding": {
    "alpha": 1.0611776640010688,
    "beta": 1.0805655784458497
  },
  "500-2000_ipo": {
    "alpha": 1.0171673172939009,
    "beta": 1.0169179098010088
  },
  "100-2000_market_movement": {
    "alpha": 1.0156515943948456,
    "beta": 1.0184336327000638
  },
  "200-500_funding": {
    "alpha": 1.0037482685818864,
    "beta": 1.0076134737830835
  },
  "50-200_ipo": {
    "alpha": 1.0035181280536647,
    "beta": 1.0078436143113048
  },
  "100-1000_technology": {
    "alpha": 1.3805412387458846,
    "beta": 1.4432492535277701
  },
  "50-500_general": {
    "alpha": 1.1246109167398004,
    "beta": 1.1755001281807964
  },
  "50-300_technology": {
    "alpha": 1.3704975597532782,
    "beta": 1.463795068324864
  },
  "100-1000_geopolitical": {
    "alpha": 1.0105625730778542,
    "beta": 1.0121609116520858
  },
  "50-200_general": {
    "alpha": 1.0451223819093882,
    "beta": 1.0709783763488876
  },
  "50-300_geopolitical": {
    "alpha": 1.0088159028056858,
    "beta": 1.013907581924254
  },
  "test123": {
    "alpha": 1.0113617423649697,
    "beta": 1.0
  },
  "mid_ai_adoption": {
    "alpha": 1.0113617423649697,
    "beta": 1.0
  },
  "test_known_fix": {
    "alpha": 1.005680871182485,
    "beta": 1.005680871182485
  },
  "large_ai_adoption": {
    "alpha": 1.0113617423649697,
    "beta": 1.0
  },
  "mid_cost": {
    "alpha": 1.0113617423649697,
    "beta": 1.0
  },
  "known_integ": {
    "alpha": 1.005680871182485,
    "beta": 1.005680871182485
  },
  "50-1000_geopolitical": {
    "alpha": 1.018739721538271,
    "beta": 1.0163996878379242
  },
  "50-5000_funding": {
    "alpha": 1.039805275157057,
    "beta": 1.042186680054067
  },
  "100-1000_consumer_shift": {
    "alpha": 1.019229246898992,
    "beta": 1.0173816182423456
  },
  "50-500_consumer_shift": {
    "alpha": 1.0629079312831733,
    "beta": 1.0696152091757314
  },
  "500-5000_technology": {
    "alpha": 1.126418345256095,
    "beta": 1.1099844900570153
  },
  "50-5000_geopolitical": {
    "alpha": 1.0194601010439222,
    "beta": 1.0167660941892696
  },
  "50-200_technology": {
    "alpha": 1.6043714095318795,
    "beta": 1.7366534801948517
  },
  "100-500_technology": {
    "alpha": 1.7405950385310054,
    "beta": 1.7884145213733493
  },
  "50-300_funding": {
    "alpha": 1.0169822272975224,
    "beta": 1.0203643657263857
  },
  "500-2000 employees_funding": {
    "alpha": 1.0197424934227057,
    "beta": 1.0187591488699832
  },
  "50-500 employees_funding": {
    "alpha": 1.0320568711424758,
    "beta": 1.0449464134429025
  },
  "50-200 employees_funding": {
    "alpha": 1.0078819219497372,
    "beta": 1.0177858395787223
  },
  "50-500_intelligence": {
    "alpha": 1.2017736835530382,
    "beta": 1.2301413604896363
  },
  "50-200_intelligence": {
    "alpha": 1.092904045453409,
    "beta": 1.1222033466477692
  },
  "200-500_intelligence": {
    "alpha": 1.006494473675788,
    "beta": 1.0067363312357893
  },
  "sme_intelligence": {
    "alpha": 1.018942914086468,
    "beta": 1.0339803055598402
  },
  "mid_intelligence": {
    "alpha": 1.0100199618333094,
    "beta": 1.0164416479898442
  },
  "20-200_intelligence": {
    "alpha": 1.0092787167969137,
    "beta": 1.0171828930262403
  },
  "100-300_intelligence": {
    "alpha": 1.073275189882338,
    "beta": 1.0767648658159585
  },
  "500-2000_intelligence": {
    "alpha": 1.033806387484494,
    "beta": 1.035237349486324
  },
  "50-500 employees_intelligence": {
    "alpha": 1.0227023005276357,
    "beta": 1.0318577197262906
  },
  "50-300_intelligence": {
    "alpha": 1.059704494842555,
    "beta": 1.0800704024059051
  },
  "100-500_intelligence": {
    "alpha": 1.0520764559606282,
    "beta": 1.059574719507457
  },
  "50-150_intelligence": {
    "alpha": 1.021369411044742,
    "beta": 1.0331906092091832
  },
  "20-200 employees_intelligence": {
    "alpha": 1.0042503643723881,
    "beta": 1.0093896406910934
  },
  "50-100_intelligence": {
    "alpha": 1.007727719035848,
    "beta": 1.0063341418543386
  },
  "500-1000_intelligence": {
    "alpha": 1.00765165545834,
    "beta": 1.0064102054318467
  },
  "100-1000_intelligence": {
    "alpha": 1.0214489942947944,
    "beta": 1.0207365883757666
  },
  "50-5000_intelligence": {
    "alpha": 1.0140302234446015,
    "beta": 1.0140934983357726
  },
  "200-2000_intelligence": {
    "alpha": 1.018904599616083,
    "beta": 1.023280983054478
  },
  "200-500_general": {
    "alpha": 1.0078995073000627,
    "beta": 1.006597256504254
  },
  "100-500_general": {
    "alpha": 1.036770518929067,
    "beta": 1.0502100638968324
  },
  "50-300_general": {
    "alpha": 1.0363613779798657,
    "beta": 1.0546192660926084
  },
  "100-400_general": {
    "alpha": 1.021262912005847,
    "beta": 1.0367241432114194
  },
  "50-5000_general": {
    "alpha": 1.0192974958537957,
    "beta": 1.0450862500659075
  },
  "50-200 (Promptfoo)_technology": {
    "alpha": 1.008857105002045,
    "beta": 1.0060880123219929
  },
  "50-500 employees_price_change": {
    "alpha": 1.0913743945681569,
    "beta": 1.1284067529885573
  },
  "50-500_supply_chain": {
    "alpha": 1.162751740944152,
    "beta": 1.1886119289204644
  },
  "50-5000_technology": {
    "alpha": 1.4644935362262907,
    "beta": 1.5201763748330825
  },
  "500-1000_price_change": {
    "alpha": 1.0175697839358593,
    "beta": 1.0158721584390693
  },
  "50-500_price_change": {
    "alpha": 1.31909531461712,
    "beta": 1.4027686674890227
  },
  "100-1000_supply_chain": {
    "alpha": 1.0382243207353512,
    "beta": 1.0552720924768173
  },
  "100-500_supply_chain": {
    "alpha": 1.0286662827136608,
    "beta": 1.0315764067059137
  },
  "200-1000 employees_price_change": {
    "alpha": 1.0065442977955246,
    "beta": 1.0084008195285128
  },
  "500-2000_m_and_a": {
    "alpha": 1.0330419475117758,
    "beta": 1.0370900300739554
  },
  "50-500_m_and_a": {
    "alpha": 1.3640000544233288,
    "beta": 1.4134522919446737
  },
  "50-200 employees_technology": {
    "alpha": 1.016053407445742,
    "beta": 1.0147612674491804
  },