{
  "economic_times": {
    "alpha": 1.9612859038433683,
    "beta": 2.853757239135883
  },
  "et_industry": {
    "alpha": 2.500379479846737,
    "beta": 3.493708462232524
  },
  "et_tech": {
    "alpha": 2.4897175940528604,
    "beta": 3.498538216123971
  },
  "livemint": {
    "alpha": 34.157514632559874,
    "beta": 47.169320595855915
  },
  "mint_companies": {
    "alpha": 3.3660772971398085,
    "beta": 4.746249765328084
  },
  "moneycontrol": {
    "alpha": 1.65,
    "beta": 1.5
  },
  "financial_express": {
    "alpha": 1.65,
    "beta": 1.5
  },
  "yourstory": {
    "alpha": 23.956529939086753,
    "beta": 33.26282229843984
  },
  "inc42": {
    "alpha": 24.286192249079004,
    "beta": 33.92466663817348
  },
  "vccircle": {
    "alpha": 1.65,
    "beta": 1.5
  },
  "entrackr": {
    "alpha": 1.5,
    "beta": 1.5
  },
  "pib": {
    "alpha": 2.01224099303124,
    "beta": 2.418280716795238
  },
  "rbi_press": {
    "alpha": 1.5,
    "beta": 1.5
  },
  "sebi": {
    "alpha": 1.5,
    "beta": 1.5
  },
  "hindu_business": {
    "alpha": 1.9751057369907374,
    "beta": 2.9781334307937017
  },
  "business_today": {
    "alpha": 1.5,
    "beta": 1.5
  },
  "ndtv_profit": {
    "alpha": 2.4724599702913252,
    "beta": 3.6027772166116963
  },
  "techcrunch_india": {
    "alpha": 1.5,
    "beta": 1.5382916532683297
  },
  "newsapi_org": {
    "alpha": 1.5,
    "beta": 1.5
  },
  "rapidapi_realtime_news": {
    "alpha": 1.5,
    "beta": 1.5
  },
  "rapidapi_google_news": {
    "alpha": 1.5,
    "beta": 1.5
  },
  "mediastack": {
    "alpha": 1.5,
    "beta": 1.5
  },
  "thenewsapi": {
    "alpha": 1.5,
    "beta": 1.5
  },
  "webz_news": {
    "alpha": 1.5,
    "beta": 1.5
  },
  "rapidapi_google_trends_news": {
    "alpha": 1.5,
    "beta": 1.5
  },
  "gnews": {
    "alpha": 1.5,
    "beta": 1.5
  },
  "newsdata": {
    "alpha": 1.5,
    "beta": 1.5
  },
  "google_news_india_business": {
    "alpha": 1.9730688171822268,
    "beta": 2.4399935624709235
  },
  "google_news_india_tech": {
    "alpha": 1.994162623978569,
    "beta": 2.928054827569779
  },
  "cnbctv18": {
    "alpha": 1.5,
    "beta": 1.5
  },
  "cnbctv18_market": {
    "alpha": 2.6376763466150273,
    "beta": 4.01551175158947
  },
  "indiatoday_business": {
    "alpha": 2.889090531498524,
    "beta": 3.879215714596901
  },
  "mint_markets": {
    "alpha": 2.941061857940003,
    "beta": 4.229376328802183
  },
  "mint_economy": {
    "alpha": 2.150975009353303,
    "beta": 3.3434003810851864
  },
  "mint_industry": {
    "alpha": 3.0519506139597414,
    "beta": 4.041824469266164
  },
  "mc_topnews": {
    "alpha": 1.5,
    "beta": 1.5
  },
  "theprint": {
    "alpha": 1.5,
    "beta": 1.5
  },
  "scrollin": {
    "alpha": 1.8550386687351714,
    "beta": 2.748518582744752
  },
  "bbc_india": {
    "alpha": 1.5,
    "beta": 1.6366845359687259
  },
  "bing_india_business": {
    "alpha": 2.3107821459996236,
    "beta": 3.3365776426190163
  },
  "bing_india_economy": {
    "alpha": 2.7551604786823085,
    "beta": 4.372148612645386
  },
  "bing_india_startup": {
    "alpha": 2.7826033338689315,
    "beta": 3.811648721646084
  },
  "gdelt_india": {
    "alpha": 1.5968485340766387,
    "beta": 1.9143290626880933
  },
  "gdelt_india_business": {
    "alpha": 1.5,
    "beta": 1.9567766106580229
  },
  "google_news_business": {
    "alpha": 1.9207215633573969,
    "beta": 2.4689760371246523
  },
  "google_news_tech": {
    "alpha": 2.2038695914201574,
    "beta": 2.947179739456414
  },
  "hindu-businessline": {
    "alpha": 33.62215868434472,
    "beta": 46.13300048508416
  },
  "financial-express": {
    "alpha": 1.989237127064754,
    "beta": 2.3624934773463684
  },
  "business-standard": {
    "alpha": 34.57861243792708,
    "beta": 47.49549396243054
  },
  "mint": {
    "alpha": 14.42681172928156,
    "beta": 19.625140404282632
  },
  "economic-times": {
    "alpha": 35.535066191509436,
    "beta": 48.857987439776906
  },
  "gdelt_global_tech": {
    "alpha": 1.604597898903806,
    "beta": 1.7499117812307865
  },
  "gdelt_india_funding": {
    "alpha": 2.0100064876043318,
    "beta": 2.309761737055319
  },
  "gdelt_india_regulation": {
    "alpha": 1.5,
    "beta": 1.5
  },
  "cnbc_world": {
    "alpha": 2.0373759365723694,
    "beta": 2.586655165665988
  },
  "cnbc_tech": {
    "alpha": 2.0119596843523793,
    "beta": 2.554428079309006
  },
  "yahoo_finance": {
    "alpha": 2.43989637290852,
    "beta": 3.1447292428962688
  },
  "marketwatch": {
    "alpha": 1.7598051330741917,
    "beta": 2.1123904688206876
  },
  "guardian_business": {
    "alpha": 2.2431324054694155,
    "beta": 2.7838081125448233
  },
  "forbes": {
    "alpha": 2.381595702965633,
    "beta": 3.0642187939275183
  },
  "fortune": {
    "alpha": 2.0437041107210554,
    "beta": 2.6012259788983005
  },
  "fast_company": {
    "alpha": 2.465921760645857,
    "beta": 3.0856098340585865
  },
  "inc_magazine": {
    "alpha": 2.530195449790338,
    "beta": 3.2768940771455464
  },
  "wired_business": {
    "alpha": 1.9416219432227804,
    "beta": 2.5501417159341586
  },
  "ars_technica": {
    "alpha": 2.5904053999325836,
    "beta": 3.3748454019857608
  },
  "finextra": {
    "alpha": 2.014135078407935,
    "beta": 2.554560647248435
  },
  "techcrunch_ai": {
    "alpha": 2.76806955797977,
    "beta": 3.5554080035733504
  },
  "techcrunch_fintech": {
    "alpha": 1.5,
    "beta": 1.5
  },
  "siliconangle": {
    "alpha": 1.7828294982567292,
    "beta": 2.148151716870162
  },
  "zdnet": {
    "alpha": 2.572704072774518,
    "beta": 3.2294517384515373
  },
  "pymnts": {
    "alpha": 1.7399569102299242,
    "beta": 2.079467561604239
  },
  "banking_dive": {
    "alpha": 1.644129605532863,
    "beta": 2.043600708516192
  },
  "seeking_alpha": {
    "alpha": 2.442844568507562,
    "beta": 3.2500322726202446
  },
  "al_jazeera_economy": {
    "alpha": 2.8075295473087456,
    "beta": 3.748879241894955
  },
  "asia_times": {
    "alpha": 2.0749025713265445,
    "beta": 2.5420115697852843
  },
  "channel_news_asia": {
    "alpha": 2.5001909375893634,
    "beta": 3.225032807137261
  },
  "straits_times_biz": {
    "alpha": 2.046300706703067,
    "beta": 2.601851395888527
  },
  "globe_newswire": {
    "alpha": 2.4471399661402202,
    "beta": 3.157285398424714
  },
  "fed_reserve": {
    "alpha": 1.7267119666200057,
    "beta": 2.088758866999068
  },
  "hacker_news": {
    "alpha": 2.171290141101519,
    "beta": 2.7812629365752732
  },
  "reuters_business": {
    "alpha": 1.684588803839795,
    "beta": 2.1091515660709876
  },
  "reuters_technology": {
    "alpha": 1.5,
    "beta": 1.5
  },
  "businesswire_tech": {
    "alpha": 1.5,
    "beta": 1.5
  },
  "businesswire_financial": {
    "alpha": 1.5,
    "beta": 1.5
  },
  "prnewswire_india": {
    "alpha": 2.1976678079925867,
    "beta": 2.7151638994421634
  },
  "wsj_business": {
    "alpha": 1.5,
    "beta": 1.5
  },
  "wsj_tech": {
    "alpha": 1.5,
    "beta": 1.5
  },
  "wsj_markets": {
    "alpha": 1.5,
    "beta": 1.5
  },
  "business_insider": {
    "alpha": 2.604951259259571,
    "beta": 3.2814496764386147
  },
  "nyt_business": {
    "alpha": 2.1764406970260675,
    "beta": 2.6917100389802
  },
  "nyt_technology": {
    "alpha": 1.748808369013151,
    "beta": 2.09531038847056
  },
  "google_news_us_business": {
    "alpha": 2.8951448401839284,
    "beta": 3.7711931754152834
  },
  "google_news_us_tech": {
    "alpha": 1.7711420032402132,
    "beta": 2.1299987990785505
  },
  "bbc_business": {
    "alpha": 2.624462814463082,
    "beta": 3.210752021905814
  },
  "bbc_technology": {
    "alpha": 2.808751884747501,
    "beta": 3.656654238406198
  },
  "dw_business": {
    "alpha": 2.1488574650937156,
    "beta": 2.6125145299545727
  },
  "sky_business": {
    "alpha": 1.5,
    "beta": 1.5
  },
  "euractiv_economy": {
    "alpha": 1.5,
    "beta": 1.5
  },
  "euractiv_digital": {
    "alpha": 1.5,
    "beta": 1.5
  },
  "google_news_uk_business": {
    "alpha": 2.348384801622815,